,A,C,D,E,F,G,H,I,K,L,M,N,P,Q,R,S,T,V,W,Y
A,1.43369694445,,-3.74710167954,,0.417132464125,2.46032036342,,1.02411086766,5.90527725787,3.98046050543,,4.28995186902,3.33403215822,3.42743242076,0.512585643187,4.58062033322,1.99321099774,4.0344108243,5.79532341486,4.56147432946
C,,,,,,3.8225178336,,,,,,,,,11.6520191663,5.30612700471,,,15.1738443474,
D,-3.74710167954,,,,3.98694647406,5.28379819038,,,4.70387872061,-3.24153794511,,0.658172844896,3.89354621151,-0.78426607314,5.3317870192,7.11502842408,2.83301228704,-0.177287669604,,0.929695305333
E,,,,,,2.57313046752,,,,7.84990674914,,6.97840499195,,5.53596607391,,8.31642696135,,,,4.23962749575
F,0.417132464125,,3.98694647406,,,1.08660036043,,3.98694647406,,-2.08760375809,4.44452137966,4.82240698856,8.05778035518,,7.4548213363,7.54345593962,,0.976646517416,,3.84454208291
G,2.46032036342,3.8225178336,5.28379819038,2.57313046752,1.08660036043,-0.948694713595,7.50228568655,6.03013437335,2.89497730123,4.64992840174,6.71047322607,1.85957138216,-7.45778030225,3.77505348336,-4.25862690401,0.53491445751,4.38203188689,4.70387872061,6.66682517205,1.33928138212
H,,,,,,7.50228568655,,,,,,,,9.21573392686,,,,9.8227123304,,
I,1.02411086766,,,,3.98694647406,6.03013437335,,,,6.30088714928,,4.17999802601,,,,-2.26349250843,-1.42667503569,8.57332496431,4.59392487759,
K,5.90527725787,,4.70387872061,,,2.89497730123,,,,3.40054103566,,4.28995186902,5.76441264509,5.85781290763,,7.38888642898,,,,
L,3.98046050543,,-3.24153794511,7.84990674914,-2.08760375809,4.64992840174,,6.30088714928,3.40054103566,-1.53457567342,,3.33423524667,-2.18100402063,2.68360878911,1.01814937761,2.4537697199,1.52967460209,1.52967460209,1.52967460209,3.6057577071
M,,,,,4.44452137966,6.71047322607,,,,,,7.64787288826,,,,5.97559490101,2.04119982656,,,
N,4.28995186902,,0.658172844896,6.97840499195,4.82240698856,1.85957138216,,4.17999802601,4.28995186902,3.33423524667,7.64787288826,,5.6981068561,1.81210703192,-1.10273974566,1.58226796271,7.19029798265,2.41908543545,,-2.49453150289
P,3.33403215822,,3.89354621151,,8.05778035518,-7.45778030225,,,5.76441264509,-2.18100402063,,5.6981068561,,5.04748039854,3.38202098704,6.06702869541,2.64415884543,,,8.97992927317
Q,3.42743242076,,-0.78426607314,5.53596607391,,3.77505348336,9.21573392686,,5.85781290763,2.68360878911,,1.81210703192,5.04748039854,,6.48572120622,4.91104159187,5.74785906461,0.976646517416,,
R,0.512585643187,11.6520191663,5.3317870192,,7.4548213363,-4.25862690401,,,,1.01814937761,,-1.10273974566,3.38202098704,6.48572120622,,4.21468231046,1.07209969648,1.07209969648,4.08239965312,9.96059517525
S,4.58062033322,5.30612700471,7.11502842408,8.31642696135,7.54345593962,0.53491445751,,-2.26349250843,7.38888642898,2.4537697199,5.97559490101,1.58226796271,6.06702869541,4.91104159187,4.21468231046,-6.11060993781,-5.27379246507,,,2.82289055323
T,1.99321099774,,2.83301228704,,,4.38203188689,,-1.42667503569,,1.52967460209,2.04119982656,7.19029798265,2.64415884543,5.74785906461,1.07209969648,-5.27379246507,3.34453751151,3.34453751151,,
V,4.0344108243,,-0.177287669604,,0.976646517416,4.70387872061,9.8227123304,8.57332496431,,1.52967460209,,2.41908543545,,0.976646517416,1.07209969648,,3.34453751151,1.58362492095,4.59392487759,2.69060789589
W,5.79532341486,15.1738443474,,,,6.66682517205,,4.59392487759,,1.52967460209,,,,,4.08239965312,,,4.59392487759,,
Y,4.56147432946,,0.929695305333,4.23962749575,3.84454208291,1.33928138212,,,,3.6057577071,,-2.49453150289,8.97992927317,,9.96059517525,2.82289055323,,2.69060789589,,0.787290914186
